{
    "0x6770c95138ef1f794e7730fe168236f689981656": 5302304.089,
    "0xfded90a3b1348425577688866f798f94d77a0d02": 2775930.6253228453,
    "0xe4bbcbff51e61d0d95fcc5016609ac8354b177c4": 2526756.0455911187,
    "0x2e21f5d32841cf8c7da805185a041400bf15f21a": 2173097.979453039,
    "0x5e9f736f314c9108ac72d4cfed4bcc09c01309a6": 964278.1261,
    "0xff218cdbe095aee9dd0adf8487ee45b1caf5f030": 896015.4247,
    "0xc983b312a21442deb5c11e4323a98db524f1a7c2": 800000,
    "0xffa914c83d851b9fe372e4ba6a6e131373aa16ab": 723535.4044715532,
    "0x4322aa46ffed67809862da613725728e2fb8eae3": 700000,
    "0xf31f591b3dcd383047d7045de96a200a09e4dde1": 700000,
    "0x1180814ef4dd32106b9de7f3c172795cea3c3d6e": 637060.4833,
    "0x0b179af35a7c0e33a693de73cb6f92d836e3c61c": 591457.5939,
    "0x61e193e514de408f57a648a641d9fcd412cded82": 498337.84087628,
    "0xc46db2d89327d4c41eb81c43ed5e3dff111f9a8f": 482712.5715933706,
    "0xd3e2e76e4ab0322614fe7aaa3be0b04bed83d0d0": 433061.1170274511,
    "0xfc0fdd9c60781485fb4e46c05863158aac86caad": 408009.0437,
    "0xe703f231ab056ecb99c92a1232cc1020acfc72f8": 400585.7909760478,
    "0x9008d19f58aabd9ed0d60971565aa8510560ab41": 308099.4073,
    "0x5ad6211cd3fde39a9cecb5df6f380b8263d1e277": 305038.0543365075,
    "0xa5d0d51671645b1509a29bdd4a282940a6de8e76": 300000,
    "0x40145f291ce127a7dcd69e4e2b167977ed2ec79d": 300000,
    "0x21faa7406de0e6f99c313375b4e0dcad3ea38e2a": 300000,
    "0x04fd71a7c80dee02cec42ca7c6941d0940cbf55f": 300000,
    "0x4dbe965abcb9ebc4c6e9d95aeb631e5b58e70d5b": 284566.90509,
    "0xbb2e7ebafc986eaf5489dd4d680d2f6a00d7ed2c": 280423.0743,
    "0x05a92299fac48ed15de4e1431d55c21a3ccb5ebd": 276218.1728,
    "0x867e90cc95cacea908fc058345412725ed9dd143": 241319.848,
    "0x059e51c98c0a5b89624e8c1937a001dbeaceda8c": 239578.4373,
    "0xe0297e84e4920e2c01d819afa20765e639caad97": 238236.46494020635,
    "0x3513b2eccab527b57e9596e312fa109ade8243e4": 200918.2766,
    "0xb85eaf59e6dc69ac7b6d92c6c24e1a83b582b293": 200307.2998302065,
    "0xf47ff49820805577bc6df1c636382564dfa0a791": 200000,
    "0x338fd148fa51c6d1e2060bd9ce3c739c920420d0": 200000,
    "0xc3b94e21337e9c07dabadbf299c8590cf7d2efbf": 200000,
    "0x668768b0db25b9c5dc81e2e2d6a7c2a69e249271": 200000,
    "0x9e1e81779518bc10368ab74cb4ba57c265b62f81": 200000,
    "0x0e94af7a715274345bccf9996f98f145d3ca1499": 200000,
    "0x9769334fc882775f4951865aa473481880669d47": 200000,
    "0xb2af1b81283c87a9f06ba2294dca29f83a7d1d00": 200000,
    "0x6da7a772fa68a735e58763dff22fb560ecd94ce1": 200000,
    "0xcc2a855946a3c20683858fe6ee15acf8b836f0b3": 200000,
    "0xe8c4156a19951deff3203f116fc63274da746baa": 200000,
    "0x3b99bf61c494e71c9dc05fc741f76d8c6461d169": 200000,
    "0xb0ba5311dfa74510f7282953840f25403dcb2b68": 192336.216,
    "0x00653d03b147a663390dd5c5b1a55dc9cc0bd2fd": "191671.247004380000000000",
    "0xbd160c0de7cc1bd36ab1a3a6ec5b801daf92a962": 189539.87527,
    "0x6a2840a37e5b1b4a0273ae135ab177e56ec668fb": 180123.5281713798,
    "0x7811c6a535ddff8f86bfdeade882e744bc9fe380": 180000,
    "0x3839acf1ee7699d1f46b1be840d8ad8317fdf757": 175000,
    "0xa01dd79c6a09cd5d51278dba059114bc2cb5ebce": 171372.52187444115,
    "0x2ab1735ab09f57db6436aa70676b158ed70a70bb": 165220.5895129273,
    "0x98de69fc87790bf9679e5b781a03e6821f3d2f75": 162470.46486499676,
    "0x43743b802f7606078ee5b1562386177793558cef": 152762.0861,
    "0xe48ab528f2b51fa68e22d57069cffafcd4aa2b6c": 147850.2406741045,
    "0x0cf29c333a84064723b3c8d4630a5af539f18e3c": 146033.30684366674,
    "0x290b4ec8345c3212c676788694086b50d0b1fb93": "141466.723962841000000000",
    "0xb63a5c5710f06e111fa14ac82da2183c5102b504": 137584.63059865174,
    "0xd76040b01fa18843f8983dbb1b40d3a64b5b771a": 135868.1747978134,
    "0x7a1bcb582fbdfb6fae842905eabaed6c1992b349": 119391.97468802,
    "0x8b04b6f77ea066f9b60c241dce4a29c3cde608e0": 115382.7513,
    "0x9a6801956fa07f2aa6ad3d4767088d78edf1d3dd": "115356.953046158000000000",
    "0xb8c92c62214f912bf0810f2d657bb6c78336cda1": 114777.12405955406,
    "0xa579861472f46a1db5b885a739ade9c9ae49b650": 109736.469,
    "0x8c4ff43aa018877818d2fdf070fc839b55e765ff": 102998.1412,
    "0x41521fa35148d052edecb207d8d291328b7cbe08": 102578.2816,
    "0x6f51b04ee21d0c11181898565b190e8beba0a25a": 100165.6002,
    "0x577ff1df8c33f95c6180bcd7b56251a9d1f3422c": 100000,
    "0x2b290f41af8e0e6db68c0d8325394d8935d1d990": 100000,
    "0x6c22a9e37f4b532929682d09a6d504be66b855ec": 100000,
    "0x3b018c88f5fcabeaea8c0448bb3577b23b643307": 100000,
    "0xf143e0ad14a0276bed8730903cf0235c0b84adf5": 100000,
    "0x50cde770461ef53b62e083313d64b5b274b4bb78": 100000,
    "0xa2272469c824d2b34407c08c1b377f3027406fea": 100000,
    "0x077777f53544c2b2ef753c19e8fc048049c5ff95": 100000,
    "0x19dfdc194bb5cf599af78b1967dbb3783c590720": 100000,
    "0xe78de326bf799e4ebbad8f971844f12f72eff19b": 100000,
    "0x01a23eba5023064d505dd45fbfa683a601c7685b": 100000,
    "0x5b0a7b906faa3ee2693bfcc31c520c6f02dc657e": 100000,
    "0x728b0fd70519120e3eb0d7f29bd359eeb95fb73c": 100000,
    "0x0e76adcf394cb092cf5daa5a39e3830a8e70008e": 100000,
    "0xa1712fc331a5dad6f9b6fa51d472eef65e2441d7": 100000,
    "0x10ab9336c3bb0de313f8dad46c357d52539b6a45": 100000,
    "0x2d8d75d4ba64efda74eead05ac6127df4e46efa9": 100000,
    "0x738df6bfd711d04416daa15b10e309fdf5dd5945": 100000,
    "0x2c4090a54bd6eff78bcbc0b49ed17e0f152389c8": 100000,
    "0x0120b4134354d7e885685a23e7606ccaf7d0b2b4": 100000,
    "0x48d0f04cead85c8ff7c309078994d6dcdf7ef1af": 100000,
    "0xa62d7ad2fddbad38a0aba25e40cdfe2edfa4d183": 100000,
    "0x1b21a4287cbfa8f81753de2a17028bf2fa231034": 100000,
    "0xc0130dc92ed0ad39207019bdc1272b71e5e3bfe1": 100000,
    "0xa5ccc6d18a427158147dcbe7b0ca29f3b5affdcd": 100000,
    "0xa49f53249e03aad3bc75f3cc8f160aa25a10283a": 100000,
    "0xc9f203b4692c04ba7155ef71d8f5d42bfcfbc09b": 100000,
    "0x7d4c4d5380ca2f9c7a091bb622b80613da7eae8c": 100000,
    "0x99509e88aeae37aac31ed2e1e7f9b315353180e7": 100000,
    "0xccf2075c74de218cdd79b1ef699a2a31e2940f83": 100000,
    "0xfa53d837b5ddd616007f91487f041d27edb683a0": 100000,
    "0x2b18e9c6b073f368c63d6e372380653edd945b42": 100000,
    "0xfea037b0b5edcc90c626e2e1d5d792b949888892": 100000,
    "0xf42a339f93c1fa4c5d9ace33db308a504e7b0bde": 100000,
    "0xe3e39161d35e9a81edec667a5387bfae85752854": 100000,
    "0x4907911cf8911510b89bc7147a25700b2d260f36": 100000,
    "0x6c1fb499c31aedce4c535d250993fe25859f5823": 100000,
    "0x34ccc716fa3f6c667dae0e6d9b1e0a9418873b8a": 100000,
    "0x46fa5d01beb39e1fb594538344e435e282de3611": 100000,
    "0xe1db8391debe15204f41701c476e5d659f87660d": 100000,
    "0x8a0a569b2937ecc360a686386e34df83cd2348a3": 100000,
    "0x69e2757d41d1504706d9814694c71beab88b3561": 100000,
    "0xb0182a35b8114c62cc6745780d94a04d46bc4719": 100000,
    "0x2fb1a24c702fcbe3d098ef5f8c9b768f232c6445": 100000,
    "0x6dea2b37104cb35de11acdd5e2068835eaa1f392": 100000,
    "0x42f9134e9d3bf7eee1f8a5ac2a4328b059e7468c": 100000,
    "0xc4824414f2cc997ce9e34010fd55c373511396c5": 100000,
    "0x22c6494fbb4cc0c2c7bc6b7d5452b501e4da063d": 100000,
    "0x987e5ebab4bc43d810f4ebd5a671682f5b237ce2": 100000,
    "0x234e486279dc07733e5db157277910bd6002d3f0": 100000,
    "0x479299dd33b762c82b7c507e6d3459b17a0a4550": 100000,
    "0x99943217629a15c187fe848c13b5bb1a272d4d6b": 100000,
    "0xfc68c3f659ec50e32f548cdaed01d59a74997656": 100000,
    "0x28a101605f0d776365c138e65a801d89a632f124": 100000,
    "0xafa3a87e6b4179552615faaf3c600d00016d10a1": 100000,
    "0xbda7dfa62d6465d6918370364b3364326c72f3d1": 100000,
    "0xbb5eb75a8ad51dfa60408d76ef6df8069eee405d": 100000,
    "0x525ba4df7a01110aa73ee109911d938109537dfd": 100000,
    "0x632ea82ffb1dd1e9d9d4c5443d727d14dffa5dc2": 100000,
    "0xd0f5436fc7b24cee68824c03e253e88dc11428a5": 100000,
    "0xffe57fd95451b8155c93ff65c4f4d37c1d79f148": 100000,
    "0xdc5b961a5ab04ac38321c89100584fb965721931": 100000,
    "0xcdd60e7b7ade44053a67349a6e856c0ae33d2b91": 100000,
    "0xc4bafdc0a6b7c1339055cea9dfd433b28815ae78": 100000,