{
    "0xfded90a3b1348425577688866f798f94d77a0d02": 2775930.6253228453,
    "0xe4bbcbff51e61d0d95fcc5016609ac8354b177c4": 2526756.0455911187,
    "0x2e21f5d32841cf8c7da805185a041400bf15f21a": 2173097.979453039,
    "0xffa914c83d851b9fe372e4ba6a6e131373aa16ab": 723535.4044715532,
    "0xc46db2d89327d4c41eb81c43ed5e3dff111f9a8f": 482712.5715933706,
    "0xd3e2e76e4ab0322614fe7aaa3be0b04bed83d0d0": 433061.1170274511,
    "0xe703f231ab056ecb99c92a1232cc1020acfc72f8": 400585.7909760478,
    "0x5ad6211cd3fde39a9cecb5df6f380b8263d1e277": 305038.0543365075,
    "0xe0297e84e4920e2c01d819afa20765e639caad97": 238236.46494020635,
    "0xb85eaf59e6dc69ac7b6d92c6c24e1a83b582b293": 200307.2998302065,
    "0xa01dd79c6a09cd5d51278dba059114bc2cb5ebce": 171372.52187444115,
    "0x2ab1735ab09f57db6436aa70676b158ed70a70bb": 165220.5895129273,
    "0x98de69fc87790bf9679e5b781a03e6821f3d2f75": 162470.46486499676,
    "0xe48ab528f2b51fa68e22d57069cffafcd4aa2b6c": 147850.2406741045,
    "0x00653d03b147a663390dd5c5b1a55dc9cc0bd2fd": 146970.24166437925,
    "0x0cf29c333a84064723b3c8d4630a5af539f18e3c": 146033.30684366674,
    "0xb63a5c5710f06e111fa14ac82da2183c5102b504": 137584.63059865174,
    "0xd76040b01fa18843f8983dbb1b40d3a64b5b771a": 135868.1747978134,
    "0xb8c92c62214f912bf0810f2d657bb6c78336cda1": 114777.12405955406,
    "0x290b4ec8345c3212c676788694086b50d0b1fb93": 91466.72396284145,
    "0xee582e716f5407cf9b34dfd2df272d517857b96d": 89671.49021857488,
    "0x74f3bd4d3bfe3b589c3bb151b46b6ad2d0c4a101": 81266.1716585143,
    "0x8ee376de530fb9a734df676e7e4342b48355f483": 81266.1716585143,
    "0x2586319850defd14dbfa93fe588780fdea0d4336": 77493.02083304524,
    "0xe91cbc483a8fda6bc377ad8b8c717f386a93d349": 69510.97011484789,
    "0x9a6801956fa07f2aa6ad3d4767088d78edf1d3dd": 63337.00419090644,
    "0xb78994cb15815d77a0320dbe8196f113043e70d1": 53239.04013788142,
    "0xa5f43ce4181fef011fe1915aa48188869a80c280": 50076.824957551624,
    "0xf94f7b6b956225bce60a5f0c7b82d347071e48dc": 43188.36718893026,
    "0x10bec246e5bed00d6ce37aafe238a4cdf884a73c": 42326.98380956825,
    "0x95eb5782c22c51bda2df05267d0612f828f5f668": 33729.83536078614,
    "0x1dada6bf2ce25bf88308feb566ebad34bd24cf45": 28182.67053341223,
    "0xb5af12b837aaf602298b3385640f61a0ff0f4e0d": 21697.950121047295,
    "0xde02f5c9b109b22290fca59e5cf48fe2c2a28dd5": 14109.04613786998,
    "0x0fbfe20192389d73066b3785c0403d22d5d7852d": 10918.142439685176,
    "0xe11fc0b43ab98eb91e9836129d1ee7c3bc95df50": 6976.264175538582,
    "0x4d17c6ef27356254b929adc124184bb34e5c5a1c": 3841.793577811638,
    "0x31573f6f29aaf7d7fdc3baefa2e6628b693cc340": 2289.929558350936
}
